Workbook
Name Accept: Guidelines!$IS$37:$IS$37
Name DefectFrom: Guidelines!$IN$37:$IN$38
Name DefectID: 'Defect Tracker'!#REF!
Name DefectType: Guidelines!$IP$37:$IP$38
Name Module: Guidelines!$IO$37:$IO$38
Name Priority: Guidelines!$IT$37:$IT$38
Name severity: Guidelines!$IQ$37:$IQ$38
Name Stat: Guidelines!$IR$37:$IR$38
Name Status: Guidelines!$IR$37:$IR$38

Sheet Defect Tracker
A1: Defect Tracker
A4: DEFECT TRACKER
A5: Customization ID/Name:
A6: Defect ID | B6: Defect Type | C6: Defect Logged Date | D6: Defect from | E6: Package No. / Build Reference | F6: Package/ Build Release Date | G6: Requirement ID | H6: Module | I6: Feature / Screen | J6: Defect Description | K6: Screen Shots Attached | L6: Defect Classification | M6: Sub classification | N6: Defect Severity | O6: Status | P6: Raised By | Q6: Fixed by | R6: Fixed Date | S6: Defect Closed Date | T6: Remarks
A7: SGIP00001 | B7: SIT | C7: 45813 | D7: Application | F7: 45807 | I7: Fire Proposal | J7: (10000/11/23/000602- INCLUSION OF ADDITIONAL LOCATIONS ) In existing policy have quota share % has 24.99996 like that , I added one 1 extra location it share % is 25 While clicking save button system throws an error : “Quota Share Percentage should be same for all UW Distribution.” | L7: Functional | M7: Requirements | O7: Fixed | P7: Ravi | Q7: MuthuRaja | R7: 45811 | S7: 45814 | T7: NOVAPHILCM-735
A8: SGIP00002 | B8: SIT | C8: 45813 | D8: Application | F8: 45807 | I8: Fire Proposal | J8: Change the Policy Period , In Endorsement Schedule Content From to Dates are printing as ?????. Policy schedule fonts are not same. | L8: Functional | M8: Requirements | O8: Fixed | P8: Ravi | Q8: MuthuRaja | R8: 45820 | S8: 45820 | T8: NOVAPHILCM-735

Sheet Defect Status
A3: Defect Status Summary Report
B5: SI. No | C5: Defect ID | D5: Status | F5: Open | G5: =COUNTIF(D6:D95,F5) -> 0
B6: 1 | C6: SGIP00001 | D6: =VLOOKUP(C6,'Defect Tracker'!$A$6:$O$11,15,FALSE) -> Fixed | F6: Fixed | G6: =COUNTIF(D6:D95,F6) -> 2
B7: 2 | C7: SGIP00002 | D7: =VLOOKUP(C7,'Defect Tracker'!$A$6:$O$11,15,FALSE) -> Fixed | F7: Re-Open | G7: =COUNTIF(D6:D95, F7) -> 0
B8: 3 | C8: SGIP00003 | D8: =VLOOKUP(C8,'Defect Tracker'!$A$6:$O$11,15,FALSE) -> #N/A | F8: Deferred | G8: =COUNTIF(D6:D95,F8) -> 0
B9: 4 | C9: SGIP00004 | D9: =VLOOKUP(C9,'Defect Tracker'!$A$6:$O$11,15,FALSE) -> #N/A | F9: Closed | G9: =COUNTIF(D6:D95,F9) -> 0
B10: 5 | C10: SGIP00005 | D10: =VLOOKUP(C10,'Defect Tracker'!$A$6:$O$11,15,FALSE) -> #N/A | F10: Total | G10: =SUM(G5:G9) -> 2
B11: 6 | C11: SGIP00006 | D11: =VLOOKUP(C11,'Defect Tracker'!$A$6:$O$11,15,FALSE) -> #N/A
B12: 7 | C12: SGIP00007 | D12: =VLOOKUP(C12,'Defect Tracker'!$A$6:$O$11,15,FALSE) -> #N/A
B13: 8 | C13: SGIP00008 | D13: =VLOOKUP(C13,'Defect Tracker'!$A$6:$O$11,15,FALSE) -> #N/A
B14: 9 | C14: SGIP00009 | D14: =VLOOKUP(C14,'Defect Tracker'!$A$6:$O$11,15,FALSE) -> #N/A
B15: 10 | C15: SGIP00010 | D15: =VLOOKUP(C15,'Defect Tracker'!$A$6:$O$11,15,FALSE) -> #N/A
B16: 11 | C16: SGIP00011 | D16: =VLOOKUP(C16,'Defect Tracker'!$A$6:$O$11,15,FALSE) -> #N/A
B17: 12 | C17: SGIP00012 | D17: =VLOOKUP(C17,'Defect Tracker'!$A$6:$O$11,15,FALSE) -> #N/A
B18: 13 | C18: SGIP00013 | D18: =VLOOKUP(C18,'Defect Tracker'!$A$6:$O$11,15,FALSE) -> #N/A
B19: 14 | C19: SGIP00014 | D19: =VLOOKUP(C19,'Defect Tracker'!$A$6:$O$11,15,FALSE) -> #N/A
B20: 15 | C20: SGIP00015 | D20: =VLOOKUP(C20,'Defect Tracker'!$A$6:$O$11,15,FALSE) -> #N/A

Sheet Guidelines
A1: Guidelines for using this Document
A2: Defect Report
A3: Defect ID | B3: Provide the Defect ID in this column. The naming convention for a defect ID is as follows: First four characters of Customization name +Last five are incremental numbers Ex:STFC00001
A4: Defect type | B4: Unit testing or SI testing
A5: Defect Logged Date | B5: Date in dd-mmm-yyyy format in which the defect was logged in the tracker. In ideal scenario this date should be same as the date in which the defect was identified.
A6: Defect from | B6: The way in which the "Defect" can be identified. Package/Build: "Defects" found after executing the Package/build. Application: "Defects' identified while doing the regression testing/adhoc testing on application Unit:"Defects" identified from unit testing
A7: Package No. / Build Reference | B7: Unique ID number which is maintained by the development team while releasing the Package/Build to testing team. Fill NA if it is a unit testing defect
A8: Package / Build Release Date | B8: Date in dd-mmm-yyyy format in which the Package/Build released by development team to testing Fill NA if it is a unit testing defect
A9: Requirement ID | B9: Requirement ID: Unique ID number which is maintained by the BCG /Client while preparing the Change Request document or Issues respectively.
A10: Module | B10: Module Name of the project For Ex:- System Administration,Investments,Leding,General Accounting etc.
A11: Feature/Screen | B11: Mention the "Screen Path" in which the "Defect" exists in. This should be the URL of the page where the defect could be identified Example: Lending>>General>>Masters>>Customer Information>>Martial Status Mention the name of the Screen in which the Defect is identified Example: Marital Status
A12: Defect Description | B12: Describe in brief about the identified defect. If possible we can also mention the way in which the "Defect" can be identified.
A13: Defect Classification | B13: Categorize the Defect in any one of the following category. This activity needs to be populated by the Testing Team Functional: Any defect that does not meet the requirement Non-Functional: Any defect that does not meet the system aspects Development Issues: Any defects that does not meet technical aspects Data: Defects related to "Data". This may be improper data, wrong calculation or wrong fetching etc. Infrastructure: The defect due to environmental changes
A14: Sub classification | B14: Select the sub classification of the defect based on the defect type and defect classification 1 Non Functional a) Security b) Performance (Load Testing & Stress Testing) c) UI Issue (includes Usability, Cosmetic, Screen Alignment and Compatibility) d) Time Issue 2 Development Issues a) Syntax Error b) Spelling Mistake (Typo) c) Unhandled Error (includes No Exception Handling) 3 Functional a) Business Logic b) Business Flow c) Missing Validation (Data validation) d) Computational e) Requirements (Missing and Incorrect) 4 Data a) Data Integrity 5 Infrastructure a) Environmental
A15: Defect Severity | B15: Mention the Defect "Severity" here. There are 3 severity types
B16: Severity (Critical) Criteria
B17: Business Logic
B18: Business Flow
B19: Functions not as per Requirement
B20: Validation Missing
B21: System Inoperable
B22: System Hanging
B23: Cmd Button not working
B24: Severity (Major) Criteria
B25: Module/Feature inoperable
B26: Load Performance
B27: Data Truncation or Getting corrupted
... B38: Cosmetic defects with user interface
A39: Status | B39: Status of the Defect has to be updated here from the list of values provided. Open: When the defect has been logged in the tracker for the first time Fixed: When the defect has been addressed by the developer Reopen, Reopen 1`, Reopen 2, Reopen 3: If any fixed or closed defect are resurfacing (due to changes in some other requirement), then status will be updated until the defect is fixed and closed completely Deferred: When the defect identified by the Tester, but the Client does not want it to be addressed in this release or want to defer the fix to a later time Closed: When the defect has been verified for the fix and the fix is fine
A40: Raised By | B40: Mention the name of the person who identified the Defect. This should typically be the same person who logs the defect
A41: Fixed by | B41: Name of the person who has fixed the defect
A42: Defect Closed Date | B42: Date in dd/mm/yyyy format in which the defect was finally closed (verified by the Testing Team)
A43: Remarks | B43: This column can be used to add any free text with respect to a defect.
