Workbook
Name Co_Insurance: 'Policy Data'!$AB$8:$AB$9
Name Facultative_Outward: 'Policy Data'!$AB$4:$AB$7

Sheet RI Payment Search Screen
B2: Co-Insurance / RI-Facultative Payment Search
B4: Search By | E4: Search Value | H4: Search | I4: Clear | J4: Close
B9: Payment AdvNo | C9: Payment Advdt | D9: Payment Category Co-Ins / LRI | E9: RI Facultaive /Co-Insurance Code | F9: RI Facultaive /Co-Insurance Name | G9: Payment Amount | H9: Payment Status | I9: + Add
B17: Once click the add button system should redirect to Co-Insurance / RI-Facultative Payment Screen
B19: RI-Facultative / Co-Insurance Payment Screen
B21: Payment category Co-ins / LRI | C21: Co_Insurance | E21: Payment to | F21: Alpha Insurance and Surety Company , Inc. | H21: Policy No | I21: 10000/11/24/000153 | K21: GO
B24: Details
B26: Policy No | C26: =IF(C21="Co_insurance","Applicable to Pay Co-Insurance", "Applicable to Pay RI ") -> Applicable to Pay Co-Insurance | D26: =IF(C21="Co_insurance","Admin Amount", "RI Commission ") -> Admin Amount | E26: VAT amount | F26: WHT Amount | G26: Net Premium | H26: Actual Premium to Pay | I26: VAT on Commission | J26: WHT on Commission | K26: Net premium To Pay | L26: Action
L27: Add | M27: View
B30: Payment Confirmation List
B32: Policy No | C32: =IF(C21="Co_insurance","Co-Insurance Premium", "RI Premium ") -> Co-Insurance Premium | D32: =IF(C21="Co_insurance","Admin Charges", "RI Commission ") -> Admin Charges | E32: VAT amount | F32: WHT Amount | G32: Paid Amount | H32: Action
H33: Delete | I33: View
B38: Total Payment Amount | E38: Narration | H38: Payable To
D42: Add Instrument | E42: Save | F42: Submit | G42: Clear | H42: Close

Sheet View Screen
B5: Payment category Co-ins / LRI | C5: Co_Insurance | E5: Payment to | F5: Pioneer Insurance and Surety Corporation | H5: Policy No | I5: 10000/11/24/000153
C11: Policy Premium & RI Premium Details
C13: Gross Premium | D13: Taxes & Other Charges | E13: Total Premium | F13: =IF(C5="Co_insurance","Total Co-ins Share %", "Total LRI Share %") -> Total Co-ins Share % | G13: =IF(C5="Co_insurance","Total Co-Ins Share", "Total LRI Share") -> Total Co-Ins Share | H13: =IF(C5="Co_insurance","Co-Insurance Share %", "RI Facultative Share %") -> Co-Insurance Share % | I13: =IF(C5="Co_insurance","Co-Insurance Share", "RI Facultative Share") -> Co-Insurance Share | J13: =IF(C5="Co_insurance","Admin Charges", "RI Commission %") -> Admin Charges | K13: =IF(C5="Co_insurance","VAT", "VAT on Commission") -> VAT | L13: =IF(C5="Co-insurance","WHT", "WHT on Commission") -> WHT on Commission | M13: =IF(C5="Co-insurance","Co-Ins Net Premium", "RI Net Premium") -> RI Net Premium
C14: =IFERROR(INDEX('Policy Data'!E4:E15,MATCH('View Screen'!I5,'Policy Data'!B4:B12,0)),"Not Found") -> 112500 | D14: =IFERROR(INDEX('Policy Data'!G4:G15,MATCH('View Screen'!I5,'Policy Data'!B4:B12,0)),"Not Found") -> 14287.5 | E14: =IFERROR(INDEX('Policy Data'!J4:J15,MATCH('View Screen'!I5,'Policy Data'!B4:B12,0)),"Not Found") -> 140872.5 | F14: {=IF(C5="Facultative_Outward", IFERROR(INDEX('Policy Data'!$X$4:$X$14, MATCH(1, (TRIM(I5)=TRIM('Policy Data'!$B$4:$B$14)) * (TRIM(F5)=TRIM('Policy Data'!$AB$4:$AB$14)) * (TRIM(C5)=TRIM('Policy Data'!$AA$4:$AA$14)), 0) ),"Not Found"),IFERROR(INDEX('Policy Data'!$K$4:$K$14, MATCH(1, (TRIM(I5)=TRIM('Policy Data'!$B$4:$B$14)) * (TRIM(F5)=TRIM('Policy Data'!$AB$4:$AB$14)) * (TRIM(C5)=TRIM('Policy Data'!$AA$4:$AA$14)), 0) ),"Not Found") )} -> 0.2 | G14: {=IF(C5="Facultative_Outward", IFERROR(INDEX('Policy Data'!$Z$4:$Z$14, MATCH(1, (TRIM(I5)=TRIM('Policy Data'!$B$4:$B$14)) * (TRIM(F5)=TRIM('Policy Data'!$AB$4:$AB$14)) * (TRIM(C5)=TRIM('Policy Data'!$AA$4:$AA$14)), 0) ),"Not Found"),IFERROR(INDEX('Policy Data'!$M$4:$M$14, MATCH(1, (TRIM(I5)=TRIM('Policy Data'!$B$4:$B$14)) * (TRIM(F5)=TRIM('Policy Data'!$AB$4:$AB$14)) * (TRIM(C5)=TRIM('Policy Data'!$AA$4:$AA$14)), 0) ),"Not Found") )} -> 22500 | H14: {=IF(C5="Facultative_Outward", IFERROR(INDEX('Policy Data'!$AC$4:$AC$14, MATCH(1, (TRIM(I5)=TRIM('Policy Data'!$B$4:$B$14)) * (TRIM(F5)=TRIM('Policy Data'!$AB$4:$AB$14)) * (TRIM(C5)=TRIM('Policy Data'!$AA$4:$AA$14)), 0) ),"Not Found"),IFERROR(INDEX('Policy Data'!$AC$4:$AC$14, MATCH(1, (TRIM(I5)=TRIM('Policy Data'!$B$4:$B$14)) * (TRIM(F5)=TRIM('Policy Data'!$AB$4:$AB$14)) * (TRIM(C5)=TRIM('Policy Data'!$AA$4:$AA$14)), 0) ),"Not Found") )} -> 0.15 | I14: {=IF(C5="Facultative_Outward", IFERROR(INDEX('Policy Data'!$AE$4:$AE$14, MATCH(1, (TRIM(I5)=TRIM('Policy Data'!$B$4:$B$14)) * (TRIM(F5)=TRIM('Policy Data'!$AB$4:$AB$14)) * (TRIM(C5)=TRIM('Policy Data'!$AA$4:$AA$14)), 0) ),"Not Found"),IFERROR(INDEX('Policy Data'!$AE$4:$AE$14, MATCH(1, (TRIM(I5)=TRIM('Policy Data'!$B$4:$B$14)) * (TRIM(F5)=TRIM('Policy Data'!$AB$4:$AB$14)) * (TRIM(C5)=TRIM('Policy Data'!$AA$4:$AA$14)), 0) ),"Not Found") )} -> 16875 | J14: {=IF(C5="Facultative_Outward", IFERROR(INDEX('Policy Data'!$AG$4:$AG$14, MATCH(1, (TRIM(I5)=TRIM('Policy Data'!$B$4:$B$14)) * (TRIM(F5)=TRIM('Policy Data'!$AB$4:$AB$14)) * (TRIM(C5)=TRIM('Policy Data'!$AA$4:$AA$14)), 0) ),"Not Found"),IFERROR(INDEX('Policy Data'!$AG$4:$AG$14, MATCH(1, (TRIM(I5)=TRIM('Policy Data'!$B$4:$B$14)) * (TRIM(F5)=TRIM('Policy Data'!$AB$4:$AB$14)) * (TRIM(C5)=TRIM('Policy Data'!$AA$4:$AA$14)), 0) ),"Not Found") )} -> 2025 | K14: {=IF(C5="Facultative_Outward", IFERROR(INDEX('Policy Data'!$AI$4:$AI$14, MATCH(1, (TRIM(I5)=TRIM('Policy Data'!$B$4:$B$14)) * (TRIM(F5)=TRIM('Policy Data'!$AB$4:$AB$14)) * (TRIM(C5)=TRIM('Policy Data'!$AA$4:$AA$14)), 0) ),"Not Found"),IFERROR(INDEX('Policy Data'!$AI$4:$AI$14, MATCH(1, (TRIM(I5)=TRIM('Policy Data'!$B$4:$B$14)) * (TRIM(F5)=TRIM('Policy Data'!$AB$4:$AB$14)) * (TRIM(C5)=TRIM('Policy Data'!$AA$4:$AA$14)), 0) ),"Not Found") )} -> 843.75 | L14: {=IF(C5="Facultative_Outward", IFERROR(INDEX('Policy Data'!$AK$4:$AK$14, MATCH(1, (TRIM(I5)=TRIM('Policy Data'!$B$4:$B$14)) * (TRIM(F5)=TRIM('Policy Data'!$AB$4:$AB$14)) * (TRIM(C5)=TRIM('Policy Data'!$AA$4:$AA$14)), 0) ),"Not Found"),IFERROR(INDEX('Policy Data'!$AK$4:$AK$14, MATCH(1, (TRIM(I5)=TRIM('Policy Data'!$B$4:$B$14)) * (TRIM(F5)=TRIM('Policy Data'!$AB$4:$AB$14)) * (TRIM(C5)=TRIM('Policy Data'!$AA$4:$AA$14)), 0) ),"Not Found") )} -> 506.25 | M14: =I14-(J14+K14-L14) -> 14512.5
C18: Policy Received Premium
C20: Total Policy Premium | D20: Received Premium | E20: Outstanding Premium
C21: =IFERROR(INDEX('Policy Data'!J4:J15,MATCH('View Screen'!I5,'Policy Data'!B4:B12,0)),"Not Found") -> 140872.5 | D21: =IFERROR(INDEX('Policy Data'!AN4:AN15,MATCH('View Screen'!I5,'Policy Data'!B4:B12,0)),"Not Found") -> 25000 | E21: =IFERROR(INDEX('Policy Data'!AO4:AO15,MATCH('View Screen'!I5,'Policy Data'!B4:B12,0)),"Not Found") -> 115872.5
C23: Receipt History
C24: Receipt Number | D24: Receipt Date | E24: Policy Premium | F24: Instrument Type | G24: Instrument No | H24: Cheque Status | I24: Receipt Status | J24: Receipt Amount | K24: Outstanding Amount
C25: 10000/11/0001 | D25: 45310
C26: 10000/11/0002 | D26: 45316
C32: RI Payment Details
C33: Received Premium | D33: Received Taxes & Other Charges | E33: =IF(C5="Co-insurance","Paid Co-Ins Premium", "Paid RI Premium %") -> Paid RI Premium % | F33: =IF(C5="Co_insurance","Applicable Co-Ins Premium to Pay", "Applicable RI Premium to Pay") -> Applicable Co-Ins Premium to Pay | G33: =IF(C5="Co_insurance","Admin Charges", "RI Commission") -> Admin Charges | H33: =IF(C5="Co_insurance","VAT", "VAT on Commission") -> VAT | I33: =IF(C5="Co_insurance","WHT", "WHT on Commission") -> WHT | J33: =IF(C5="Co-insurance","Co-Ins net Premium", "RI net premium") -> RI net premium
C34: =IFERROR(INDEX('Policy Data'!AN4:AN15,MATCH('View Screen'!I5,'Policy Data'!B4:B12,0)),"Not Found") -> 25000 | D34: =IF(C34>D14,D14,C34) -> 14287.5 | E34: {=IF(C5="Facultative_Outward", IFERROR(INDEX('Policy Data'!$AP$4:$AP$14, MATCH(1, (TRIM(I5)=TRIM('Policy Data'!$B$4:$B$14)) * (TRIM(F5)=TRIM('Policy Data'!$AB$4:$AB$14)) * (TRIM(C5)=TRIM('Policy Data'!$AA$4:$AA$14)), 0) ),"Not Found"),IFERROR(INDEX('Policy Data'!$AP$4:$AP$14, MATCH(1, (TRIM(I5)=TRIM('Policy Data'!$B$4:$B$14)) * (TRIM(F5)=TRIM('Policy Data'!$AB$4:$AB$14)) * (TRIM(C5)=TRIM('Policy Data'!$AA$4:$AA$14)), 0) ),"Not Found") )} -> 0 | F34: =IF((C34-D14)>0,(((C34-D14)/C14)*I14)-E34,-E34) -> 1606.875 | G34: {=F34*IF(C5="Facultative_Outward", IFERROR(INDEX('Policy Data'!$AF$4:$AF$14, MATCH(1, (TRIM(I5)=TRIM('Policy Data'!$B$4:$B$14)) * (TRIM(F5)=TRIM('Policy Data'!$AB$4:$AB$14)) * (TRIM(C5)=TRIM('Policy Data'!$AA$4:$AA$14)), 0) ),"Not Found"),IFERROR(INDEX('Policy Data'!$AF$4:$AF$14, MATCH(1, (TRIM(I5)=TRIM('Policy Data'!$B$4:$B$14)) * (TRIM(F5)=TRIM('Policy Data'!$AB$4:$AB$14)) * (TRIM(C5)=TRIM('Policy Data'!$AA$4:$AA$14)), 0) ),"Not Found") )} -> 192.825 | H34: {=F34*IF(C5="Facultative_Outward", IFERROR(INDEX('Policy Data'!$AH$4:$AH$14, MATCH(1, (TRIM(I5)=TRIM('Policy Data'!$B$4:$B$14)) * (TRIM(F5)=TRIM('Policy Data'!$AB$4:$AB$14)) * (TRIM(C5)=TRIM('Policy Data'!$AA$4:$AA$14)), 0) ),"Not Found"),IFERROR(INDEX('Policy Data'!$AH$4:$AH$14, MATCH(1, (TRIM(I5)=TRIM('Policy Data'!$B$4:$B$14)) * (TRIM(F5)=TRIM('Policy Data'!$AB$4:$AB$14)) * (TRIM(C5)=TRIM('Policy Data'!$AA$4:$AA$14)), 0) ),"Not Found") )} -> 80.34375 | I34: {=F34*IF(C5="Facultative_Outward", IFERROR(INDEX('Policy Data'!$AJ$4:$AJ$14, MATCH(1, (TRIM(I5)=TRIM('Policy Data'!$B$4:$B$14)) * (TRIM(F5)=TRIM('Policy Data'!$AB$4:$AB$14)) * (TRIM(C5)=TRIM('Policy Data'!$AA$4:$AA$14)), 0) ),"Not Found"),IFERROR(INDEX('Policy Data'!$AJ$4:$AJ$14, MATCH(1, (TRIM(I5)=TRIM('Policy Data'!$B$4:$B$14)) * (TRIM(F5)=TRIM('Policy Data'!$AB$4:$AB$14)) * (TRIM(C5)=TRIM('Policy Data'!$AA$4:$AA$14)), 0) ),"Not Found") )} -> 48.20625 | J34: =F34-(G34+H34-I34) -> 1381.9125

Sheet Policy Data
AI2: 0.05 | AK2: 0.03
A3: UW Year | B3: Policy No | C3: Policy Sum Insured | D3: Premium Rate | E3: Policy Premium | F3: DST | G3: VAT | H3: LGT | I3: FST | J3: Total Premium | K3: Co-Insured Share % | L3: Co-Insurance SI | M3: Co-Insurance Premium | N3: Gross Retention | O3: Quota Share % | P3: Quota Share SI | Q3: Quota Share Prem | R3: SGI Share % | S3: SGI Share SI | T3: SGI Share Premium | U3: Surplus % | V3: Surplus SI | W3: Surplus Premium | X3: Facultative Share | Y3: Facultative SI | Z3: Facultative Premium | AA3: Co-Ins / Facultative Type | AB3: Co-Insurer / Faculatative Reinsurer Name | AC3: Share % | AD3: SI | AE3: LRI / Coins Premium | AF3: RI Comm % / Admin Charges | AG3: RI Commission / Admin Commission | AH3: VAT % | AI3: VAT on RI Commission / VAT | AJ3: WHT % | AK3: WHT on RI Commission / WHT | AL3: Commission Due | AM3: Net Premium | AN3: Policy Premium Received | AO3: Policy Outstanding Premium | AP3: RI Premium Paid | AQ3: RI Premium Outstanding
A4: 2024 | B4: 10000/11/24/000153 | C4: 450000000 | D4: 0.00025 | E4: =C4*D4 -> 112500 | F4: =E4*12.5% -> 14062.5 | G4: =(E4*12.5%)+(E4*0.2%) -> 14287.5 | H4: =E4*0.02% -> 22.5 | J4: =E4+F4+G4+H4+I4 -> 140872.5 | K4: 0.2 | L4: =C4*K4 -> 90000000 | M4: =E4*K4 -> 22500 | N4: =IF((C4-L4)>'Fire Treaty Limit'!$E$7,'Fire Treaty Limit'!$E$7,(C4-L4)) -> 60000000 | O4: =P4/C4 -> 0 | P4: =N4*'Fire Treaty Limit'!C8 -> 0 | Q4: =E4*O4 -> 0 | R4: =S4/C4 -> 0.13333333 | S4: =N4-P4 -> 60000000 | T4: =$E$4*$R$4 -> 15000 | U4: =V4/C4 -> 0 | V4: =IF(($C$4-$L$4-$N$4)>'Fire Treaty Limit'!$E$10,'Fire Treaty Limit'!$E$10,($C$4-$L$4-$N$4)) -> 0 | W4: =E4*U4 -> 0 | X4: =Y4/C4 -> 0.66666667 | Y4: =C4-L4-N4-V4 -> 300000000 | Z4: =E4*X4 -> 75000 | AA4: Facultative_outward | AB4: Alpha Insurance and Surety Company , Inc. | AC4: 0.1 | AD4: =Y4*AC4 -> 30000000 | AE4: =E$4*X$4*AC4 -> 7500 | AF4: 0.12 | AG4: =AE4*AF4 -> 900 | AH4: 0.05 | AI4: =IF(AA4="Facultative_outward",AG4*AH4,AE4*AH4) -> 45 | AJ4: 0.03 | AK4: =IF(AA4="Facultative_outward",AG4*AJ4,AE4*AJ4) -> 27 | AL4: =AG4+AI4-AK4 -> 918 | AM4: =AE4-(AG4+AI4-AK4) -> 6582 | AN4: 25000 | AO4: =J4-AN4 -> 115872.5 | AQ4: =AM4-AP4 -> 6582
A5: 2024 | B5: 10000/11/24/000153 | C5: 450000000 | D5: 0.00025 | E5: =C5*D5 -> 112500 | F5: =E5*12.5% -> 14062.5 | G5: =(E5*12.5%)+(E5*0.2%) -> 14287.5 | H5: =E5*0.02% -> 22.5 | J5: =E5+F5+G5+H5+I5 -> 140872.5 | K5: 0.2 | L5: =C5*K5 -> 90000000 | M5: =E5*K5 -> 22500 | N5: =IF((C5-L5)>'Fire Treaty Limit'!$E$7,'Fire Treaty Limit'!$E$7,(C5-L5)) -> 60000000 | O5: =P5/C5 -> 0 | P5: =N5*'Fire Treaty Limit'!C9 -> 0 | Q5: =E5*O5 -> 0 | R5: =S5/C5 -> 0.13333333 | S5: =N5-P5 -> 60000000 | T5: =$E$4*$R$4 -> 15000 | U5: =V5/C5 -> 0 | V5: =IF(($C$4-$L$4-$N$4)>'Fire Treaty Limit'!$E$10,'Fire Treaty Limit'!$E$10,($C$4-$L$4-$N$4)) -> 0 | W5: =E5*U5 -> 0 | X5: =Y5/C5 -> 0.66666667 | Y5: =C5-L5-N5-V5 -> 300000000 | Z5: =E5*X5 -> 75000 | AA5: Facultative_outward | AB5: Bethel General Insurance & Surety Corporation | AC5: 0.2 | AD5: =Y5*AC5 -> 60000000 | AE5: =E$4*X$4*AC5 -> 15000 | AF5: 0.12 | AG5: =AE5*AF5 -> 1800 | AH5: 0.05 | AI5: =IF(AA5="Facultative_outward",AG5*AH5,AE5*AH5) -> 90 | AJ5: 0.03 | AK5: =IF(AA5="Facultative_outward",AG5*AJ5,AE5*AJ5) -> 54 | AL5: =AG5+AI5-AK5 -> 1836 | AM5: =AE5-(AG5+AI5-AK5) -> 13164 | AN5: 25000 | AO5: =J5-AN5 -> 115872.5 | AQ5: =AM5-AP5 -> 13164
A6: 2024 | B6: 10000/11/24/000153 | C6: 450000000 | D6: 0.00025 | E6: =C6*D6 -> 112500 | F6: =E6*12.5% -> 14062.5 | G6: =(E6*12.5%)+(E6*0.2%) -> 14287.5 | H6: =E6*0.02% -> 22.5 | J6: =E6+F6+G6+H6+I6 -> 140872.5 | K6: 0.2 | L6: =C6*K6 -> 90000000 | M6: =E6*K6 -> 22500 | N6: =IF((C6-L6)>'Fire Treaty Limit'!$E$7,'Fire Treaty Limit'!$E$7,(C6-L6)) -> 60000000 | O6: =P6/C6 -> 0 | P6: =N6*'Fire Treaty Limit'!C10 -> 0 | Q6: =E6*O6 -> 0 | R6: =S6/C6 -> 0.13333333 | S6: =N6-P6 -> 60000000 | T6: =$E$4*$R$4 -> 15000 | U6: =V6/C6 -> 0 | V6: =IF(($C$4-$L$4-$N$4)>'Fire Treaty Limit'!$E$10,'Fire Treaty Limit'!$E$10,($C$4-$L$4-$N$4)) -> 0 | W6: =E6*U6 -> 0 | X6: =Y6/C6 -> 0.66666667 | Y6: =C6-L6-N6-V6 -> 300000000 | Z6: =E6*X6 -> 75000 | AA6: Facultative_outward | AB6: Corporate Guarantee and Insurance Company, Inc. | AC6: 0.3 | AD6: =Y6*AC6 -> 90000000 | AE6: =E$4*X$4*AC6 -> 22500 | AF6: 0.12 | AG6: =AE6*AF6 -> 2700 | AH6: 0.05 | AI6: =IF(AA6="Facultative_outward",AG6*AH6,AE6*AH6) -> 135 | AJ6: 0.03 | AK6: =IF(AA6="Facultative_outward",AG6*AJ6,AE6*AJ6) -> 81 | AL6: =AG6+AI6-AK6 -> 2754 | AM6: =AE6-(AG6+AI6-AK6) -> 19746 | AN6: 25000 | AO6: =J6-AN6 -> 115872.5 | AQ6: =AM6-AP6 -> 19746
A7: 2024 | B7: 10000/11/24/000153 | C7: 450000000 | D7: 0.00025 | E7: =C7*D7 -> 112500 | F7: =E7*12.5% -> 14062.5 | G7: =(E7*12.5%)+(E7*0.2%) -> 14287.5 | H7: =E7*0.02% -> 22.5 | J7: =E7+F7+G7+H7+I7 -> 140872.5 | K7: 0.2 | L7: =C7*K7 -> 90000000 | M7: =E7*K7 -> 22500 | N7: =IF((C7-L7)>'Fire Treaty Limit'!$E$7,'Fire Treaty Limit'!$E$7,(C7-L7)) -> 60000000 | O7: =P7/C7 -> 0 | P7: =N7*'Fire Treaty Limit'!C11 -> 0 | Q7: =E7*O7 -> 0 | R7: =S7/C7 -> 0.13333333 | S7: =N7-P7 -> 60000000 | T7: =$E$4*$R$4 -> 15000 | U7: =V7/C7 -> 0 | V7: =IF(($C$4-$L$4-$N$4)>'Fire Treaty Limit'!$E$10,'Fire Treaty Limit'!$E$10,($C$4-$L$4-$N$4)) -> 0 | W7: =E7*U7 -> 0 | X7: =Y7/C7 -> 0.66666667 | Y7: =C7-L7-N7-V7 -> 300000000 | Z7: =E7*X7 -> 75000 | AA7: Facultative_outward | AB7: Pioneer Insurance and Surety Corporation | AC7: 0.4 | AD7: =Y7*AC7 -> 120000000 | AE7: =E$4*X$4*AC7 -> 30000 | AF7: 0.12 | AG7: =AE7*AF7 -> 3600 | AH7: 0.05 | AI7: =IF(AA7="Facultative_outward",AG7*AH7,AE7*AH7) -> 180 | AJ7: 0.03 | AK7: =IF(AA7="Facultative_outward",AG7*AJ7,AE7*AJ7) -> 108 | AL7: =AG7+AI7-AK7 -> 3672 | AM7: =AE7-(AG7+AI7-AK7) -> 26328 | AN7: 25000 | AO7: =J7-AN7 -> 115872.5 | AQ7: =AM7-AP7 -> 26328
A8: 2024 | B8: 10000/11/24/000153 | C8: 450000000 | D8: 0.00025 | E8: =C8*D8 -> 112500 | F8: =E8*12.5% -> 14062.5 | G8: =(E8*12.5%)+(E8*0.2%) -> 14287.5 | H8: =E8*0.02% -> 22.5 | J8: =E8+F8+G8+H8+I8 -> 140872.5 | K8: 0.2 | L8: =C8*K8 -> 90000000 | M8: =E8*K8 -> 22500 | N8: =IF((C8-L8)>'Fire Treaty Limit'!$E$7,'Fire Treaty Limit'!$E$7,(C8-L8)) -> 60000000 | O8: =P8/C8 -> 0 | P8: =N8*'Fire Treaty Limit'!C12 -> 0 | Q8: =E8*O8 -> 0 | R8: =S8/C8 -> 0.13333333 | S8: =N8-P8 -> 60000000 | T8: =$E$4*$R$4 -> 15000 | U8: =V8/C8 -> 0 | V8: =IF(($C$4-$L$4-$N$4)>'Fire Treaty Limit'!$E$10,'Fire Treaty Limit'!$E$10,($C$4-$L$4-$N$4)) -> 0 | W8: =E8*U8 -> 0 | X8: 0 | Y8: 0 | Z8: 0 | AA8: Co_Insurance | AB8: Philbrit Insurance | AC8: 0.05 | AD8: =AC8*(L8/K8) -> 22500000 | AE8: =M8*(AC8/K8) -> 5625 | AF8: 0.12 | AG8: =AE8*AF8 -> 675 | AH8: 0.05 | AI8: =IF(AA8="Facultative_outward",AG8*AH8,AE8*AH8) -> 281.25 | AJ8: 0.03 | AK8: =IF(AA8="Facultative_outward",AG8*AJ8,AE8*AJ8) -> 168.75 | AL8: =AG8+AI8-AK8 -> 787.5 | AM8: =AE8-(AG8+AI8-AK8) -> 4837.5 | AN8: 25000 | AO8: =J8-AN8 -> 115872.5 | AQ8: =AM8-AP8 -> 4837.5
A9: 2024 | B9: 10000/11/24/000153 | C9: 450000000 | D9: 0.00025 | E9: =C9*D9 -> 112500 | F9: =E9*12.5% -> 14062.5 | G9: =(E9*12.5%)+(E9*0.2%) -> 14287.5 | H9: =E9*0.02% -> 22.5 | J9: =E9+F9+G9+H9+I9 -> 140872.5 | K9: 0.2 | L9: =C9*K9 -> 90000000 | M9: =E9*K9 -> 22500 | N9: =IF((C9-L9)>'Fire Treaty Limit'!$E$7,'Fire Treaty Limit'!$E$7,(C9-L9)) -> 60000000 | O9: =P9/C9 -> 0 | P9: =N9*'Fire Treaty Limit'!C13 -> 0 | Q9: =E9*O9 -> 0 | R9: =S9/C9 -> 0.13333333 | S9: =N9-P9 -> 60000000 | T9: =$E$4*$R$4 -> 15000 | U9: =V9/C9 -> 0 | V9: =IF(($C$4-$L$4-$N$4)>'Fire Treaty Limit'!$E$10,'Fire Treaty Limit'!$E$10,($C$4-$L$4-$N$4)) -> 0 | W9: =E9*U9 -> 0 | X9: 0 | Y9: 0 | Z9: 0 | AA9: Co_Insurance | AB9: Pioneer Insurance and Surety Corporation | AC9: 0.15 | AD9: =AC9*(L9/K9) -> 67500000 | AE9: =M9*(AC9/K9) -> 16875 | AF9: 0.12 | AG9: =AE9*AF9 -> 2025 | AH9: 0.05 | AI9: =IF(AA9="Facultative_outward",AG9*AH9,AE9*AH9) -> 843.75 | AJ9: 0.03 | AK9: =IF(AA9="Facultative_outward",AG9*AJ9,AE9*AJ9) -> 506.25 | AL9: =AG9+AI9-AK9 -> 2362.5 | AM9: =AE9-(AG9+AI9-AK9) -> 14512.5 | AN9: 25000 | AO9: =J9-AN9 -> 115872.5 | AQ9: =AM9-AP9 -> 14512.5

Sheet Receipt Detail
A2: Policy No | B2: Receipt No | C2: OR Number | D2: Receipt Date | E2: Receipt Premium | F2: Receipt Status | G2: Instument Type | H2: Instrument Number
A3: 10000/11/24/000153 | B3: 10000/11/0001 | C3: 1000001 | D3: 45310 | E3: 7000 | F3: Realized | G3: Cash | H3: 100000
A4: 10000/11/24/000153 | B4: 10000/11/0002 | C4: 1000002 | D4: 45316 | E4: 3000 | G4: Cash | H4: 100001

Sheet List
A1: List | D1: Search Type | F1: Line Type
A2: Co_Insurance | D2: Payment Adviser no | F2: Motor
A3: Facultative_Outward | D3: Co-Insurer Code | F3: Non-Motor
D4: Re-insurance Code

Sheet Fire Treaty Limit
B5: Fire Treaty Limit for 2024
C6: % | D6: Minimum | E6: Maximum
B7: Gross Retention | E7: 60000000
B8: Quota Share | C8: 0 | D8: 0
B9: SGI Net Retention | E9: 20000000
B10: FS | D10: 0 | E10: 0
D13: Gross Retention | F13: Quota Share | I13: SGI Net Retention | K13: FS | M13: SS
B14: Treaty Year | D14: Minimum | E14: Maximum | F14: Quota Share % | G14: Minimum | H14: Maximum | I14: Minimum | J14: Maximum | K14: Minimum | L14: Maximum | M14: Minimum | N14: Maximum
B15: 2024 | E15: 60000000 | J15: 20000000 | K15: 0 | L15: 0
B16: 2023 | F16: 0.25
